<?xml version="1.0" encoding="UTF-8"?>
<project-private xmlns="http://www.netbeans.org/ns/project-private/1">
    <editor-bookmarks xmlns="http://www.netbeans.org/ns/editor-bookmarks/2" lastBookmarkId="0"/>
    <open-files xmlns="http://www.netbeans.org/ns/projectui-open-files/2">
        <group>
            <file>file:/C:/Users/rodri/Documents/NetBeansProjects/proyectoPOO/src/MODELOreg/registroActas.java</file>
            <file>file:/C:/Users/rodri/Documents/NetBeansProjects/proyectoPOO/src/MODELOreg/registroCandidatos.java</file>
            <file>file:/C:/Users/rodri/Documents/NetBeansProjects/proyectoPOO/src/MODELOreg/registroMesasElectorales.java</file>
            <file>file:/C:/Users/rodri/Documents/NetBeansProjects/proyectoPOO/src/MODELOreg/registroMiembrosMesa.java</file>
            <file>file:/C:/Users/rodri/Documents/NetBeansProjects/proyectoPOO/src/MODELOreg/registroOperadores.java</file>
            <file>file:/C:/Users/rodri/Documents/NetBeansProjects/proyectoPOO/src/MODELOreg/registroPartidosPoliticos.java</file>
            <file>file:/C:/Users/rodri/Documents/NetBeansProjects/proyectoPOO/src/VISTA/ActaRegistro.java</file>
            <file>file:/C:/Users/rodri/Documents/NetBeansProjects/proyectoPOO/src/VISTA/ActaTabla.java</file>
            <file>file:/C:/Users/rodri/Documents/NetBeansProjects/proyectoPOO/src/VISTA/ActaVentana.java</file>
            <file>file:/C:/Users/rodri/Documents/NetBeansProjects/proyectoPOO/src/VISTA/CandidatosTabla.java</file>
            <file>file:/C:/Users/rodri/Documents/NetBeansProjects/proyectoPOO/src/VISTA/ConteoTabla.java</file>
            <file>file:/C:/Users/rodri/Documents/NetBeansProjects/proyectoPOO/src/VISTA/EleccionesRegistro.java</file>
            <file>file:/C:/Users/rodri/Documents/NetBeansProjects/proyectoPOO/src/VISTA/EleccionesTabla.java</file>
            <file>file:/C:/Users/rodri/Documents/NetBeansProjects/proyectoPOO/src/MODELOreg/registroElecciones.java</file>
            <file>file:/C:/Users/rodri/Documents/NetBeansProjects/proyectoPOO/src/MODELOobj/miembroMesa.java</file>
            <file>file:/C:/Users/rodri/Documents/NetBeansProjects/proyectoPOO/src/VISTA/VentanaGestion2.java</file>
            <file>file:/C:/Users/rodri/Documents/NetBeansProjects/proyectoPOO/src/VISTA/inicioSesion1.java</file>
            <file>file:/C:/Users/rodri/Documents/NetBeansProjects/proyectoPOO/src/VISTA/CandidatosRegistro.java</file>
            <file>file:/C:/Users/rodri/Documents/NetBeansProjects/proyectoPOO/src/VISTA/ReporteVentana.java</file>
            <file>file:/C:/Users/rodri/Documents/NetBeansProjects/proyectoPOO/src/VISTA/PartidoPoliticoVentana.java</file>
            <file>file:/C:/Users/rodri/Documents/NetBeansProjects/proyectoPOO/src/VISTA/PartidoPoliticoTabla.java</file>
            <file>file:/C:/Users/rodri/Documents/NetBeansProjects/proyectoPOO/src/VISTA/PartidoPoliticoRegistro.java</file>
        </group>
    </open-files>
</project-private>
